Algorithm,Scaling,Number_of_Features,aupr_mean
GB,MinMax,1,91.86
GB,MinMax,2,92.71000000000001
GB,MinMax,3,93.072
GB,MinMax,4,92.93199999999999
GB,MinMax,5,93.62
GB,MinMax,6,93.422
GB,MinMax,7,93.72200000000001
GB,MinMax,8,93.37
GB,MinMax,9,93.522
GB,MinMax,10,93.886
GB,MinMax,11,93.69
GB,MinMax,12,94.17
GB,MinMax,13,94.32000000000001
GB,MinMax,14,95.216
GB,MinMax,15,94.97
GB,MinMax,16,95.178
GB,MinMax,17,95.308
GB,MinMax,18,95.76599999999999
GB,MinMax,19,94.918
GB,MinMax,20,95.144
GB,MinMax,21,95.50800000000001
GB,MinMax,22,95.162
GB,MinMax,23,94.75
GB,MinMax,24,94.41
GB,MinMax,25,94.362
GB,MinMax,26,94.764
GB,MinMax,27,94.3
GB,MinMax,28,94.626
GB,MinMax,29,94.66799999999999
GB,MinMax,30,94.05799999999999
GB,MinMax,31,94.804
GB,MinMax,32,94.784
GB,MinMax,33,94.874
GB,MinMax,34,95.42999999999999
GB,MinMax,35,95.41
GB,MinMax,36,95.37
GB,MinMax,37,96.08
GB,MinMax,38,95.342
GB,MinMax,39,95.788
GB,MinMax,40,96.04400000000001
GB,MinMax,41,95.586
GB,MinMax,42,96.02000000000001
GB,MinMax,43,95.788
GB,MinMax,44,95.78
GB,MinMax,45,95.77799999999999
GB,MinMax,46,96.286
GB,MinMax,47,96.31800000000001
GB,MinMax,48,95.94000000000001
GB,MinMax,49,95.96000000000001
GB,MinMax,50,96.08200000000001
GB,MinMax,51,96.25
GB,MinMax,52,96.13
GB,MinMax,53,95.944
GB,MinMax,54,96.086
GB,MinMax,55,96.108
GB,MinMax,56,96.43199999999999
GB,MinMax,57,96.532
GB,MinMax,58,96.358
GB,MinMax,59,96.256
GB,MinMax,60,96.048
GB,MinMax,61,95.944
GB,MinMax,62,95.72999999999999
GB,MinMax,63,95.988
GB,MinMax,64,96.13
GB,MinMax,65,95.902
GB,MinMax,66,95.844
GB,MinMax,67,95.966
GB,MinMax,68,95.668
GB,MinMax,69,96.024
GB,MinMax,70,96.162
GB,MinMax,71,95.988
GB,MinMax,72,95.81800000000001
GB,MinMax,73,96.114
GB,MinMax,74,95.88199999999999
GB,MinMax,75,95.602
GB,MinMax,76,95.748
GB,MinMax,77,96.49
GB,MinMax,78,95.944
GB,MinMax,79,96.106
GB,MinMax,80,95.892
GB,MinMax,81,95.902
GB,MinMax,82,95.934
GB,MinMax,83,96.136
GB,MinMax,84,95.72999999999999
GB,MinMax,85,95.59
GB,MinMax,86,95.946
GB,MinMax,87,95.96
GB,MinMax,88,95.874
GB,MinMax,89,96.18199999999999
GB,MinMax,90,96.03399999999999
GB,MinMax,91,96.454
GB,MinMax,92,96.49000000000001
GB,MinMax,93,96.288
GB,MinMax,94,96.404
GB,MinMax,95,96.56
GB,MinMax,96,96.346
GB,MinMax,97,96.328
GB,MinMax,98,96.28200000000001
GB,MinMax,99,96.288
GB,MinMax,100,96.13000000000001
GB,MinMax,101,96.148
GB,MinMax,102,96.15
GB,MinMax,103,96.374
GB,MinMax,104,96.29400000000001
GB,MinMax,105,96.356
GB,MinMax,106,96.454
GB,MinMax,107,96.77799999999999
GB,MinMax,108,96.736
GB,MinMax,109,96.6
GB,MinMax,110,96.11800000000001
GB,MinMax,111,96.08
GB,MinMax,112,96.11
GB,MinMax,113,96.53
GB,MinMax,114,96.732
GB,MinMax,115,96.354
GB,MinMax,116,96.522
GB,MinMax,117,96.44800000000001
GB,MinMax,118,96.498
GB,MinMax,119,96.322
GB,MinMax,120,96.00800000000001
GB,MinMax,121,96.51
GB,MinMax,122,95.848
GB,MinMax,123,96.07000000000001
GB,MinMax,124,96.34
GB,MinMax,125,96.15599999999999
GB,MinMax,126,96.512
GB,MinMax,127,96.026
GB,MinMax,128,95.784
GB,MinMax,129,96.25399999999999
GB,MinMax,130,96.26
GB,MinMax,131,96.186
GB,MinMax,132,95.926
GB,MinMax,133,96.182
GB,MinMax,134,96.33
GB,MinMax,135,96.128
GB,MinMax,136,95.954
GB,MinMax,137,96.228
GB,MinMax,138,96.08200000000001
GB,MinMax,139,95.998
GB,MinMax,140,96.15
GB,MinMax,141,95.992
GB,MinMax,142,96.138
GB,MinMax,143,95.938
GB,MinMax,144,95.97200000000001
GB,MinMax,145,95.77000000000001
GB,MinMax,146,95.874
GB,MinMax,147,95.94000000000001
GB,MinMax,148,96.11
GB,MinMax,149,95.838
GB,MinMax,150,95.918
GB,MinMax,151,95.772
GB,MinMax,152,96.11
GB,MinMax,153,96.25800000000001
GB,MinMax,154,95.986
GB,MinMax,155,95.968
GB,MinMax,156,96.154
GB,MinMax,157,96.306
GB,MinMax,158,96.124
GB,MinMax,159,96.002
GB,MinMax,160,96.282
GB,MinMax,161,96.322
GB,MinMax,162,96.25
GB,MinMax,163,96.386
GB,MinMax,164,96.4
GB,MinMax,165,96.252
GB,MinMax,166,96.11800000000001
GB,MinMax,167,96.166
GB,MinMax,168,96.34200000000001
GB,MinMax,169,96.418
GB,MinMax,170,96.282
GB,MinMax,171,96.22200000000001
GB,MinMax,172,96.486
GB,MinMax,173,96.416
GB,MinMax,174,96.236
GB,MinMax,175,96.238
GB,MinMax,176,96.454
GB,MinMax,177,96.44200000000001
GB,MinMax,178,96.62
GB,MinMax,179,95.888
GB,MinMax,180,96.402
GB,MinMax,181,96.12
GB,MinMax,182,96.37
GB,MinMax,183,96.224
GB,MinMax,184,96.398
GB,MinMax,185,95.976
GB,MinMax,186,96.324
GB,MinMax,187,96.622
GB,MinMax,188,96.356
GB,Standard,1,91.86
GB,Standard,2,92.71000000000001
GB,Standard,3,93.072
GB,Standard,4,92.93199999999999
GB,Standard,5,93.62
GB,Standard,6,93.422
GB,Standard,7,93.72200000000001
GB,Standard,8,93.37
GB,Standard,9,93.522
GB,Standard,10,93.886
GB,Standard,11,93.69
GB,Standard,12,94.17
GB,Standard,13,94.32000000000001
GB,Standard,14,95.216
GB,Standard,15,94.97
GB,Standard,16,95.178
GB,Standard,17,95.308
GB,Standard,18,95.76599999999999
GB,Standard,19,94.918
GB,Standard,20,95.144
GB,Standard,21,95.50800000000001
GB,Standard,22,95.162
GB,Standard,23,94.75
GB,Standard,24,94.41
GB,Standard,25,94.362
GB,Standard,26,94.764
GB,Standard,27,94.3
GB,Standard,28,94.626
GB,Standard,29,94.66799999999999
GB,Standard,30,94.05799999999999
GB,Standard,31,94.804
GB,Standard,32,94.784
GB,Standard,33,94.874
GB,Standard,34,95.42999999999999
GB,Standard,35,95.41
GB,Standard,36,95.37
GB,Standard,37,96.08
GB,Standard,38,95.342
GB,Standard,39,95.788
GB,Standard,40,96.04400000000001
GB,Standard,41,95.586
GB,Standard,42,96.036
GB,Standard,43,95.788
GB,Standard,44,95.75399999999999
GB,Standard,45,95.77799999999999
GB,Standard,46,96.286
GB,Standard,47,96.30199999999999
GB,Standard,48,95.94000000000001
GB,Standard,49,95.988
GB,Standard,50,96.05199999999999
GB,Standard,51,96.154
GB,Standard,52,96.404
GB,Standard,53,96.104
GB,Standard,54,95.862
GB,Standard,55,95.99199999999999
GB,Standard,56,96.436
GB,Standard,57,96.372
GB,Standard,58,96.336
GB,Standard,59,96.14399999999999
GB,Standard,60,96.50399999999999
GB,Standard,61,96.03
GB,Standard,62,95.912
GB,Standard,63,96.03200000000001
GB,Standard,64,95.878
GB,Standard,65,95.902
GB,Standard,66,95.806
GB,Standard,67,96.03999999999999
GB,Standard,68,95.836
GB,Standard,69,96.312
GB,Standard,70,95.90599999999999
GB,Standard,71,95.856
GB,Standard,72,95.74
GB,Standard,73,96.25399999999999
GB,Standard,74,96.142
GB,Standard,75,95.642
GB,Standard,76,96.014
GB,Standard,77,96.428
GB,Standard,78,95.918
GB,Standard,79,95.772
GB,Standard,80,95.806
GB,Standard,81,95.914
GB,Standard,82,95.826
GB,Standard,83,95.97999999999999
GB,Standard,84,95.848
GB,Standard,85,95.53200000000001
GB,Standard,86,95.904
GB,Standard,87,96.038
GB,Standard,88,95.994
GB,Standard,89,95.974
GB,Standard,90,96.24
GB,Standard,91,96.54400000000001
GB,Standard,92,96.382
GB,Standard,93,96.42
GB,Standard,94,96.40599999999999
GB,Standard,95,96.574
GB,Standard,96,96.204
GB,Standard,97,96.21000000000001
GB,Standard,98,96.336
GB,Standard,99,96.098
GB,Standard,100,96.284
GB,Standard,101,95.902
GB,Standard,102,96.426
GB,Standard,103,95.922
GB,Standard,104,96.426
GB,Standard,105,96.486
GB,Standard,106,95.988
GB,Standard,107,96.816
GB,Standard,108,96.73400000000001
GB,Standard,109,96.554
GB,Standard,110,96.176
GB,Standard,111,96.216
GB,Standard,112,96.512
GB,Standard,113,96.268
GB,Standard,114,96.588
GB,Standard,115,96.46000000000001
GB,Standard,116,96.508
GB,Standard,117,96.23400000000001
GB,Standard,118,96.648
GB,Standard,119,96.238
GB,Standard,120,95.988
GB,Standard,121,96.334
GB,Standard,122,95.71799999999999
GB,Standard,123,95.826
GB,Standard,124,96.58
GB,Standard,125,96.152
GB,Standard,126,96.194
GB,Standard,127,95.938
GB,Standard,128,95.602
GB,Standard,129,96.27799999999999
GB,Standard,130,96.21600000000001
GB,Standard,131,95.884
GB,Standard,132,95.866
GB,Standard,133,96.22200000000001
GB,Standard,134,96.314
GB,Standard,135,96.03200000000001
GB,Standard,136,96.014
GB,Standard,137,96.128
GB,Standard,138,96.01
GB,Standard,139,96.056
GB,Standard,140,96.288
GB,Standard,141,95.808
GB,Standard,142,95.84400000000001
GB,Standard,143,96.172
GB,Standard,144,95.736
GB,Standard,145,95.55
GB,Standard,146,96.036
GB,Standard,147,96.01
GB,Standard,148,95.83399999999999
GB,Standard,149,95.89
GB,Standard,150,95.812
GB,Standard,151,95.822
GB,Standard,152,96.248
GB,Standard,153,96.268
GB,Standard,154,96.002
GB,Standard,155,96.218
GB,Standard,156,96.276
GB,Standard,157,96.314
GB,Standard,158,96.058
GB,Standard,159,96.22200000000001
GB,Standard,160,96.108
GB,Standard,161,96.234
GB,Standard,162,96.212
GB,Standard,163,96.082
GB,Standard,164,96.346
GB,Standard,165,96.19200000000001
GB,Standard,166,96.036
GB,Standard,167,96.338
GB,Standard,168,96.178
GB,Standard,169,96.34200000000001
GB,Standard,170,96.386
GB,Standard,171,96.24600000000001
GB,Standard,172,96.5
GB,Standard,173,96.556
GB,Standard,174,96.084
GB,Standard,175,96.27000000000001
GB,Standard,176,96.288
GB,Standard,177,96.176
GB,Standard,178,96.466
GB,Standard,179,96.22200000000001
GB,Standard,180,96.252
GB,Standard,181,96.168
GB,Standard,182,96.298
GB,Standard,183,96.25
GB,Standard,184,96.662
GB,Standard,185,96.48400000000001
GB,Standard,186,96.236
GB,Standard,187,96.598
GB,Standard,188,96.654
LR,MinMax,1,93.77000000000001
LR,MinMax,2,94.63199999999999
LR,MinMax,3,94.91600000000001
LR,MinMax,4,94.988
LR,MinMax,5,94.958
LR,MinMax,6,95.36800000000001
LR,MinMax,7,95.376
LR,MinMax,8,95.30199999999999
LR,MinMax,9,95.328
LR,MinMax,10,95.36800000000001
LR,MinMax,11,95.386
LR,MinMax,12,95.514
LR,MinMax,13,95.598
LR,MinMax,14,95.638
LR,MinMax,15,95.79400000000001
LR,MinMax,16,95.75399999999999
LR,MinMax,17,95.862
LR,MinMax,18,95.97200000000001
LR,MinMax,19,95.768
LR,MinMax,20,95.78
LR,MinMax,21,96.01
LR,MinMax,22,96.09400000000001
LR,MinMax,23,96.024
LR,MinMax,24,95.936
LR,MinMax,25,95.946
LR,MinMax,26,96.048
LR,MinMax,27,95.99600000000001
LR,MinMax,28,95.788
LR,MinMax,29,95.892
LR,MinMax,30,95.914
LR,MinMax,31,95.92
LR,MinMax,32,95.882
LR,MinMax,33,95.828
LR,MinMax,34,96.054
LR,MinMax,35,95.874
LR,MinMax,36,95.936
LR,MinMax,37,95.876
LR,MinMax,38,95.836
LR,MinMax,39,95.74
LR,MinMax,40,96.0
LR,MinMax,41,95.636
LR,MinMax,42,95.614
LR,MinMax,43,95.904
LR,MinMax,44,95.874
LR,MinMax,45,95.83
LR,MinMax,46,95.664
LR,MinMax,47,95.6
LR,MinMax,48,95.564
LR,MinMax,49,95.54400000000001
LR,MinMax,50,95.088
LR,MinMax,51,95.154
LR,MinMax,52,95.292
LR,MinMax,53,95.22200000000001
LR,MinMax,54,94.976
LR,MinMax,55,95.062
LR,MinMax,56,94.99199999999999
LR,MinMax,57,94.936
LR,MinMax,58,95.02000000000001
LR,MinMax,59,94.78200000000001
LR,MinMax,60,94.744
LR,MinMax,61,94.84200000000001
LR,MinMax,62,94.636
LR,MinMax,63,94.438
LR,MinMax,64,94.73400000000001
LR,MinMax,65,94.646
LR,MinMax,66,94.37
LR,MinMax,67,94.724
LR,MinMax,68,94.456
LR,MinMax,69,94.338
LR,MinMax,70,94.26
LR,MinMax,71,94.232
LR,MinMax,72,93.91
LR,MinMax,73,93.94000000000001
LR,MinMax,74,94.0
LR,MinMax,75,93.734
LR,MinMax,76,93.49
LR,MinMax,77,93.492
LR,MinMax,78,93.56800000000001
LR,MinMax,79,93.68199999999999
LR,MinMax,80,93.598
LR,MinMax,81,93.612
LR,MinMax,82,93.684
LR,MinMax,83,93.81
LR,MinMax,84,93.792
LR,MinMax,85,93.79400000000001
LR,MinMax,86,93.836
LR,MinMax,87,93.77799999999999
LR,MinMax,88,93.752
LR,MinMax,89,94.09
LR,MinMax,90,93.884
LR,MinMax,91,93.846
LR,MinMax,92,94.078
LR,MinMax,93,94.31
LR,MinMax,94,94.16999999999999
LR,MinMax,95,94.178
LR,MinMax,96,94.16
LR,MinMax,97,94.12
LR,MinMax,98,94.24
LR,MinMax,99,94.214
LR,MinMax,100,94.17999999999999
LR,MinMax,101,94.056
LR,MinMax,102,94.252
LR,MinMax,103,93.97999999999999
LR,MinMax,104,94.026
LR,MinMax,105,93.83399999999999
LR,MinMax,106,93.85999999999999
LR,MinMax,107,93.784
LR,MinMax,108,93.78999999999999
LR,MinMax,109,93.74600000000001
LR,MinMax,110,94.014
LR,MinMax,111,93.75800000000001
LR,MinMax,112,93.748
LR,MinMax,113,93.842
LR,MinMax,114,93.928
LR,MinMax,115,94.012
LR,MinMax,116,93.61
LR,MinMax,117,93.79400000000001
LR,MinMax,118,94.09400000000001
LR,MinMax,119,94.046
LR,MinMax,120,93.968
LR,MinMax,121,93.938
LR,MinMax,122,94.05799999999999
LR,MinMax,123,94.02
LR,MinMax,124,94.078
LR,MinMax,125,94.17999999999999
LR,MinMax,126,94.43199999999999
LR,MinMax,127,94.15599999999999
LR,MinMax,128,94.196
LR,MinMax,129,94.082
LR,MinMax,130,93.8
LR,MinMax,131,94.00399999999999
LR,MinMax,132,93.982
LR,MinMax,133,93.86800000000001
LR,MinMax,134,93.70599999999999
LR,MinMax,135,93.51599999999999
LR,MinMax,136,93.48400000000001
LR,MinMax,137,93.22999999999999
LR,MinMax,138,93.70599999999999
LR,MinMax,139,93.514
LR,MinMax,140,93.262
LR,MinMax,141,93.328
LR,MinMax,142,93.15
LR,MinMax,143,93.11800000000001
LR,MinMax,144,93.164
LR,MinMax,145,93.204
LR,MinMax,146,93.22999999999999
LR,MinMax,147,93.44800000000001
LR,MinMax,148,93.404
LR,MinMax,149,93.434
LR,MinMax,150,93.488
LR,MinMax,151,93.442
LR,MinMax,152,93.352
LR,MinMax,153,93.0
LR,MinMax,154,92.93199999999999
LR,MinMax,155,92.844
LR,MinMax,156,92.95
LR,MinMax,157,92.872
LR,MinMax,158,92.78999999999999
LR,MinMax,159,92.828
LR,MinMax,160,93.212
LR,MinMax,161,93.22999999999999
LR,MinMax,162,93.216
LR,MinMax,163,93.186
LR,MinMax,164,93.148
LR,MinMax,165,93.108
LR,MinMax,166,93.104
LR,MinMax,167,93.16600000000001
LR,MinMax,168,93.164
LR,MinMax,169,92.944
LR,MinMax,170,92.92
LR,MinMax,171,93.106
LR,MinMax,172,93.014
LR,MinMax,173,92.94200000000001
LR,MinMax,174,93.042
LR,MinMax,175,93.042
LR,MinMax,176,93.024
LR,MinMax,177,93.228
LR,MinMax,178,93.212
LR,MinMax,179,93.24199999999999
LR,MinMax,180,93.172
LR,MinMax,181,93.092
LR,MinMax,182,93.092
LR,MinMax,183,93.072
LR,MinMax,184,93.072
LR,MinMax,185,93.124
LR,MinMax,186,93.366
LR,MinMax,187,93.19399999999999
LR,MinMax,188,93.128
LR,Standard,1,93.77000000000001
LR,Standard,2,94.526
LR,Standard,3,94.554
LR,Standard,4,94.768
LR,Standard,5,94.856
LR,Standard,6,95.298
LR,Standard,7,95.372
LR,Standard,8,95.06800000000001
LR,Standard,9,95.018
LR,Standard,10,95.22999999999999
LR,Standard,11,95.366
LR,Standard,12,95.45
LR,Standard,13,95.15
LR,Standard,14,95.188
LR,Standard,15,95.422
LR,Standard,16,95.66
LR,Standard,17,95.648
LR,Standard,18,95.574
LR,Standard,19,95.45
LR,Standard,20,95.608
LR,Standard,21,95.702
LR,Standard,22,95.824
LR,Standard,23,95.768
LR,Standard,24,95.648
LR,Standard,25,95.58200000000001
LR,Standard,26,95.75
LR,Standard,27,95.628
LR,Standard,28,95.522
LR,Standard,29,95.364
LR,Standard,30,95.4
LR,Standard,31,95.714
LR,Standard,32,95.644
LR,Standard,33,95.49199999999999
LR,Standard,34,95.764
LR,Standard,35,95.704
LR,Standard,36,95.71799999999999
LR,Standard,37,95.824
LR,Standard,38,95.83399999999999
LR,Standard,39,95.724
LR,Standard,40,95.314
LR,Standard,41,95.408
LR,Standard,42,95.464
LR,Standard,43,95.292
LR,Standard,44,95.42
LR,Standard,45,95.47999999999999
LR,Standard,46,95.534
LR,Standard,47,95.428
LR,Standard,48,95.786
LR,Standard,49,95.74
LR,Standard,50,94.854
LR,Standard,51,94.664
LR,Standard,52,94.752
LR,Standard,53,94.862
LR,Standard,54,94.612
LR,Standard,55,94.49600000000001
LR,Standard,56,94.53
LR,Standard,57,94.58399999999999
LR,Standard,58,94.764
LR,Standard,59,94.744
LR,Standard,60,94.816
LR,Standard,61,94.45
LR,Standard,62,94.756
LR,Standard,63,94.752
LR,Standard,64,94.44200000000001
LR,Standard,65,94.43
LR,Standard,66,94.55199999999999
LR,Standard,67,94.518
LR,Standard,68,94.426
LR,Standard,69,94.548
LR,Standard,70,94.526
LR,Standard,71,94.38399999999999
LR,Standard,72,94.388
LR,Standard,73,94.51
LR,Standard,74,94.65599999999999
LR,Standard,75,94.22200000000001
LR,Standard,76,94.218
LR,Standard,77,93.928
LR,Standard,78,93.798
LR,Standard,79,94.038
LR,Standard,80,94.162
LR,Standard,81,94.242
LR,Standard,82,94.19200000000001
LR,Standard,83,94.122
LR,Standard,84,94.144
LR,Standard,85,94.16
LR,Standard,86,94.174
LR,Standard,87,94.21000000000001
LR,Standard,88,94.388
LR,Standard,89,94.34
LR,Standard,90,94.154
LR,Standard,91,93.922
LR,Standard,92,94.002
LR,Standard,93,93.89000000000001
LR,Standard,94,93.74600000000001
LR,Standard,95,93.74
LR,Standard,96,93.786
LR,Standard,97,93.77799999999999
LR,Standard,98,93.708
LR,Standard,99,93.708
LR,Standard,100,93.732
LR,Standard,101,93.89
LR,Standard,102,93.868
LR,Standard,103,93.796
LR,Standard,104,93.88
LR,Standard,105,94.11800000000001
LR,Standard,106,94.038
LR,Standard,107,93.892
LR,Standard,108,93.974
LR,Standard,109,93.678
LR,Standard,110,94.042
LR,Standard,111,94.00399999999999
LR,Standard,112,93.928
LR,Standard,113,93.922
LR,Standard,114,94.262
LR,Standard,115,94.142
LR,Standard,116,93.988
LR,Standard,117,93.97200000000001
LR,Standard,118,94.146
LR,Standard,119,94.35799999999999
LR,Standard,120,94.41
LR,Standard,121,94.41
LR,Standard,122,94.196
LR,Standard,123,94.142
LR,Standard,124,94.008
LR,Standard,125,93.99
LR,Standard,126,93.9
LR,Standard,127,93.922
LR,Standard,128,94.018
LR,Standard,129,93.514
LR,Standard,130,93.648
LR,Standard,131,93.864
LR,Standard,132,93.696
LR,Standard,133,93.54400000000001
LR,Standard,134,93.608
LR,Standard,135,93.70599999999999
LR,Standard,136,93.508
LR,Standard,137,93.744
LR,Standard,138,93.66799999999999
LR,Standard,139,93.704
LR,Standard,140,93.672
LR,Standard,141,93.696
LR,Standard,142,93.82000000000001
LR,Standard,143,93.506
LR,Standard,144,93.412
LR,Standard,145,93.44800000000001
LR,Standard,146,93.488
LR,Standard,147,93.476
LR,Standard,148,93.38000000000001
LR,Standard,149,93.49
LR,Standard,150,93.462
LR,Standard,151,93.5
LR,Standard,152,93.566
LR,Standard,153,93.688
LR,Standard,154,93.798
LR,Standard,155,93.824
LR,Standard,156,93.736
LR,Standard,157,93.898
LR,Standard,158,93.87
LR,Standard,159,93.792
LR,Standard,160,93.836
LR,Standard,161,93.73400000000001
LR,Standard,162,93.77000000000001
LR,Standard,163,93.77799999999999
LR,Standard,164,93.736
LR,Standard,165,93.736
LR,Standard,166,93.92
LR,Standard,167,93.568
LR,Standard,168,93.70599999999999
LR,Standard,169,93.514
LR,Standard,170,93.53399999999999
LR,Standard,171,93.50399999999999
LR,Standard,172,93.62
LR,Standard,173,93.672
LR,Standard,174,93.664
LR,Standard,175,93.72200000000001
LR,Standard,176,93.67999999999999
LR,Standard,177,93.46799999999999
LR,Standard,178,93.688
LR,Standard,179,93.44800000000001
LR,Standard,180,93.64
LR,Standard,181,93.488
LR,Standard,182,93.58
LR,Standard,183,93.654
LR,Standard,184,93.67999999999999
LR,Standard,185,93.602
LR,Standard,186,93.566
LR,Standard,187,93.586
LR,Standard,188,93.568
RF,MinMax,1,91.238
RF,MinMax,2,92.67999999999999
RF,MinMax,3,93.186
RF,MinMax,4,93.628
RF,MinMax,5,94.25
RF,MinMax,6,93.95599999999999
RF,MinMax,7,93.194
RF,MinMax,8,93.376
RF,MinMax,9,92.86
RF,MinMax,10,93.694
RF,MinMax,11,94.032
RF,MinMax,12,93.51
RF,MinMax,13,94.27799999999999
RF,MinMax,14,93.902
RF,MinMax,15,94.36800000000001
RF,MinMax,16,94.202
RF,MinMax,17,95.52000000000001
RF,MinMax,18,94.79400000000001
RF,MinMax,19,95.136
RF,MinMax,20,94.958
RF,MinMax,21,94.582
RF,MinMax,22,95.062
RF,MinMax,23,95.144
RF,MinMax,24,94.99600000000001
RF,MinMax,25,95.664
RF,MinMax,26,95.63199999999999
RF,MinMax,27,95.11800000000001
RF,MinMax,28,94.836
RF,MinMax,29,95.39
RF,MinMax,30,96.086
RF,MinMax,31,95.49199999999999
RF,MinMax,32,94.964
RF,MinMax,33,96.162
RF,MinMax,34,95.342
RF,MinMax,35,95.63199999999999
RF,MinMax,36,95.804
RF,MinMax,37,96.218
RF,MinMax,38,95.956
RF,MinMax,39,95.54400000000001
RF,MinMax,40,96.124
RF,MinMax,41,95.736
RF,MinMax,42,95.664
RF,MinMax,43,96.18199999999999
RF,MinMax,44,95.768
RF,MinMax,45,95.67
RF,MinMax,46,95.80199999999999
RF,MinMax,47,96.272
RF,MinMax,48,95.45
RF,MinMax,49,95.616
RF,MinMax,50,95.83
RF,MinMax,51,96.118
RF,MinMax,52,96.03999999999999
RF,MinMax,53,95.99
RF,MinMax,54,96.22999999999999
RF,MinMax,55,95.444
RF,MinMax,56,96.64200000000001
RF,MinMax,57,95.9
RF,MinMax,58,95.096
RF,MinMax,59,95.55
RF,MinMax,60,95.772
RF,MinMax,61,96.16
RF,MinMax,62,95.45599999999999
RF,MinMax,63,95.988
RF,MinMax,64,95.75399999999999
RF,MinMax,65,96.128
RF,MinMax,66,95.908
RF,MinMax,67,96.098
RF,MinMax,68,96.242
RF,MinMax,69,95.44800000000001
RF,MinMax,70,95.67
RF,MinMax,71,95.72
RF,MinMax,72,95.898
RF,MinMax,73,96.482
RF,MinMax,74,95.686
RF,MinMax,75,96.056
RF,MinMax,76,95.866
RF,MinMax,77,95.732
RF,MinMax,78,95.726
RF,MinMax,79,95.96000000000001
RF,MinMax,80,96.056
RF,MinMax,81,95.374
RF,MinMax,82,95.9
RF,MinMax,83,95.952
RF,MinMax,84,95.862
RF,MinMax,85,95.412
RF,MinMax,86,96.17999999999999
RF,MinMax,87,96.12
RF,MinMax,88,95.774
RF,MinMax,89,94.926
RF,MinMax,90,95.696
RF,MinMax,91,96.34400000000001
RF,MinMax,92,95.548
RF,MinMax,93,95.736
RF,MinMax,94,96.256
RF,MinMax,95,95.602
RF,MinMax,96,95.48400000000001
RF,MinMax,97,96.064
RF,MinMax,98,95.41
RF,MinMax,99,95.826
RF,MinMax,100,95.124
RF,MinMax,101,95.55199999999999
RF,MinMax,102,94.982
RF,MinMax,103,95.112
RF,MinMax,104,95.738
RF,MinMax,105,95.786
RF,MinMax,106,95.216
RF,MinMax,107,95.212
RF,MinMax,108,95.69800000000001
RF,MinMax,109,95.612
RF,MinMax,110,94.78200000000001
RF,MinMax,111,95.52000000000001
RF,MinMax,112,95.486
RF,MinMax,113,94.918
RF,MinMax,114,95.63
RF,MinMax,115,95.236
RF,MinMax,116,95.276
RF,MinMax,117,95.27000000000001
RF,MinMax,118,95.74199999999999
RF,MinMax,119,95.55799999999999
RF,MinMax,120,95.114
RF,MinMax,121,95.08399999999999
RF,MinMax,122,95.36600000000001
RF,MinMax,123,95.276
RF,MinMax,124,95.252
RF,MinMax,125,95.066
RF,MinMax,126,95.562
RF,MinMax,127,95.46600000000001
RF,MinMax,128,95.796
RF,MinMax,129,96.09
RF,MinMax,130,95.37
RF,MinMax,131,94.89
RF,MinMax,132,95.608
RF,MinMax,133,95.146
RF,MinMax,134,95.46600000000001
RF,MinMax,135,95.71000000000001
RF,MinMax,136,95.586
RF,MinMax,137,95.322
RF,MinMax,138,95.52000000000001
RF,MinMax,139,95.02000000000001
RF,MinMax,140,95.25
RF,MinMax,141,94.468
RF,MinMax,142,96.036
RF,MinMax,143,95.002
RF,MinMax,144,95.538
RF,MinMax,145,95.74600000000001
RF,MinMax,146,95.918
RF,MinMax,147,95.46000000000001
RF,MinMax,148,95.614
RF,MinMax,149,94.934
RF,MinMax,150,95.942
RF,MinMax,151,95.31800000000001
RF,MinMax,152,95.424
RF,MinMax,153,95.638
RF,MinMax,154,95.888
RF,MinMax,155,94.84200000000001
RF,MinMax,156,95.924
RF,MinMax,157,94.682
RF,MinMax,158,95.626
RF,MinMax,159,95.148
RF,MinMax,160,94.56
RF,MinMax,161,95.988
RF,MinMax,162,95.84
RF,MinMax,163,95.194
RF,MinMax,164,95.644
RF,MinMax,165,95.238
RF,MinMax,166,95.17999999999999
RF,MinMax,167,95.634
RF,MinMax,168,94.84
RF,MinMax,169,95.09
RF,MinMax,170,95.026
RF,MinMax,171,94.578
RF,MinMax,172,95.688
RF,MinMax,173,94.644
RF,MinMax,174,95.616
RF,MinMax,175,95.314
RF,MinMax,176,94.77000000000001
RF,MinMax,177,94.678
RF,MinMax,178,95.078
RF,MinMax,179,94.436
RF,MinMax,180,95.954
RF,MinMax,181,95.274
RF,MinMax,182,95.564
RF,MinMax,183,94.822
RF,MinMax,184,95.276
RF,MinMax,185,95.228
RF,MinMax,186,95.174
RF,MinMax,187,95.24199999999999
RF,MinMax,188,94.662
RF,Standard,1,91.08
RF,Standard,2,92.68199999999999
RF,Standard,3,93.186
RF,Standard,4,93.59400000000001
RF,Standard,5,94.25
RF,Standard,6,93.95599999999999
RF,Standard,7,93.194
RF,Standard,8,93.572
RF,Standard,9,92.86
RF,Standard,10,93.694
RF,Standard,11,94.032
RF,Standard,12,93.51
RF,Standard,13,94.27799999999999
RF,Standard,14,93.902
RF,Standard,15,94.518
RF,Standard,16,94.202
RF,Standard,17,95.502
RF,Standard,18,94.79400000000001
RF,Standard,19,95.136
RF,Standard,20,94.958
RF,Standard,21,94.582
RF,Standard,22,95.03
RF,Standard,23,95.144
RF,Standard,24,94.99600000000001
RF,Standard,25,95.664
RF,Standard,26,95.63199999999999
RF,Standard,27,95.034
RF,Standard,28,94.836
RF,Standard,29,95.506
RF,Standard,30,96.086
RF,Standard,31,95.49199999999999
RF,Standard,32,94.964
RF,Standard,33,96.162
RF,Standard,34,95.342
RF,Standard,35,95.63199999999999
RF,Standard,36,95.768
RF,Standard,37,96.218
RF,Standard,38,95.956
RF,Standard,39,95.54400000000001
RF,Standard,40,96.064
RF,Standard,41,95.736
RF,Standard,42,95.664
RF,Standard,43,96.204
RF,Standard,44,95.74600000000001
RF,Standard,45,95.632
RF,Standard,46,95.77799999999999
RF,Standard,47,96.374
RF,Standard,48,95.418
RF,Standard,49,95.628
RF,Standard,50,95.724
RF,Standard,51,96.11
RF,Standard,52,95.874
RF,Standard,53,95.994
RF,Standard,54,96.26599999999999
RF,Standard,55,95.64000000000001
RF,Standard,56,96.38
RF,Standard,57,95.648
RF,Standard,58,94.98400000000001
RF,Standard,59,96.074
RF,Standard,60,96.23400000000001
RF,Standard,61,95.712
RF,Standard,62,95.65599999999999
RF,Standard,63,95.792
RF,Standard,64,95.964
RF,Standard,65,95.856
RF,Standard,66,95.732
RF,Standard,67,96.152
RF,Standard,68,95.97200000000001
RF,Standard,69,95.46000000000001
RF,Standard,70,95.596
RF,Standard,71,95.61800000000001
RF,Standard,72,95.662
RF,Standard,73,96.03399999999999
RF,Standard,74,95.846
RF,Standard,75,95.704
RF,Standard,76,95.678
RF,Standard,77,95.672
RF,Standard,78,95.662
RF,Standard,79,95.836
RF,Standard,80,96.05600000000001
RF,Standard,81,95.258
RF,Standard,82,95.70599999999999
RF,Standard,83,96.13
RF,Standard,84,96.428
RF,Standard,85,95.53
RF,Standard,86,95.944
RF,Standard,87,95.788
RF,Standard,88,95.894
RF,Standard,89,94.914
RF,Standard,90,95.838
RF,Standard,91,95.732
RF,Standard,92,95.72
RF,Standard,93,95.70599999999999
RF,Standard,94,95.678
RF,Standard,95,95.502
RF,Standard,96,95.376
RF,Standard,97,95.45599999999999
RF,Standard,98,95.548
RF,Standard,99,96.04400000000001
RF,Standard,100,95.08399999999999
RF,Standard,101,95.656
RF,Standard,102,95.144
RF,Standard,103,94.848
RF,Standard,104,95.562
RF,Standard,105,95.45
RF,Standard,106,95.712
RF,Standard,107,94.912
RF,Standard,108,95.816
RF,Standard,109,96.03
RF,Standard,110,95.28
RF,Standard,111,95.658
RF,Standard,112,95.598
RF,Standard,113,95.45
RF,Standard,114,95.8
RF,Standard,115,95.144
RF,Standard,116,95.736
RF,Standard,117,95.5
RF,Standard,118,96.036
RF,Standard,119,95.474
RF,Standard,120,94.91
RF,Standard,121,95.026
RF,Standard,122,94.848
RF,Standard,123,95.044
RF,Standard,124,95.662
RF,Standard,125,95.07000000000001
RF,Standard,126,95.74
RF,Standard,127,95.726
RF,Standard,128,95.67999999999999
RF,Standard,129,96.014
RF,Standard,130,95.55
RF,Standard,131,94.852
RF,Standard,132,95.314
RF,Standard,133,95.38
RF,Standard,134,95.786
RF,Standard,135,95.50399999999999
RF,Standard,136,95.51
RF,Standard,137,95.154
RF,Standard,138,95.56800000000001
RF,Standard,139,94.94
RF,Standard,140,95.598
RF,Standard,141,94.558
RF,Standard,142,96.002
RF,Standard,143,95.58
RF,Standard,144,95.084
RF,Standard,145,95.91
RF,Standard,146,95.856
RF,Standard,147,95.376
RF,Standard,148,95.756
RF,Standard,149,94.32000000000001
RF,Standard,150,95.322
RF,Standard,151,95.272
RF,Standard,152,95.474
RF,Standard,153,95.396
RF,Standard,154,95.44200000000001
RF,Standard,155,94.546
RF,Standard,156,95.47
RF,Standard,157,95.28399999999999
RF,Standard,158,95.01
RF,Standard,159,95.688
RF,Standard,160,95.194
RF,Standard,161,95.86
RF,Standard,162,95.314
RF,Standard,163,95.772
RF,Standard,164,95.76
RF,Standard,165,95.146
RF,Standard,166,95.268
RF,Standard,167,95.63
RF,Standard,168,95.152
RF,Standard,169,95.366
RF,Standard,170,95.04400000000001
RF,Standard,171,94.988
RF,Standard,172,95.65
RF,Standard,173,95.25399999999999
RF,Standard,174,95.25399999999999
RF,Standard,175,95.898
RF,Standard,176,94.838
RF,Standard,177,95.074
RF,Standard,178,94.578
RF,Standard,179,94.75
RF,Standard,180,95.424
RF,Standard,181,95.912
RF,Standard,182,95.488
RF,Standard,183,94.998
RF,Standard,184,94.792
RF,Standard,185,94.72999999999999
RF,Standard,186,95.362
RF,Standard,187,95.30199999999999
RF,Standard,188,95.13
SVM,MinMax,1,93.148
SVM,MinMax,2,93.374
SVM,MinMax,3,94.142
SVM,MinMax,4,93.97999999999999
SVM,MinMax,5,93.994
SVM,MinMax,6,93.95599999999999
SVM,MinMax,7,93.95599999999999
SVM,MinMax,8,94.62
SVM,MinMax,9,94.75
SVM,MinMax,10,94.876
SVM,MinMax,11,95.256
SVM,MinMax,12,95.116
SVM,MinMax,13,94.376
SVM,MinMax,14,95.244
SVM,MinMax,15,94.962
SVM,MinMax,16,94.88
SVM,MinMax,17,95.248
SVM,MinMax,18,94.982
SVM,MinMax,19,94.828
SVM,MinMax,20,94.458
SVM,MinMax,21,94.704
SVM,MinMax,22,94.24
SVM,MinMax,23,94.41
SVM,MinMax,24,94.884
SVM,MinMax,25,94.86800000000001
SVM,MinMax,26,95.05799999999999
SVM,MinMax,27,95.244
SVM,MinMax,28,94.97
SVM,MinMax,29,94.696
SVM,MinMax,30,95.038
SVM,MinMax,31,95.274
SVM,MinMax,32,95.00800000000001
SVM,MinMax,33,95.15
SVM,MinMax,34,95.436
SVM,MinMax,35,95.60799999999999
SVM,MinMax,36,95.678
SVM,MinMax,37,95.33399999999999
SVM,MinMax,38,95.104
SVM,MinMax,39,95.37
SVM,MinMax,40,95.19200000000001
SVM,MinMax,41,95.132
SVM,MinMax,42,95.068
SVM,MinMax,43,94.872
SVM,MinMax,44,95.22200000000001
SVM,MinMax,45,95.178
SVM,MinMax,46,95.136
SVM,MinMax,47,95.258
SVM,MinMax,48,94.958
SVM,MinMax,49,95.03
SVM,MinMax,50,94.82000000000001
SVM,MinMax,51,94.902
SVM,MinMax,52,94.952
SVM,MinMax,53,94.836
SVM,MinMax,54,94.748
SVM,MinMax,55,94.84
SVM,MinMax,56,95.012
SVM,MinMax,57,94.438
SVM,MinMax,58,94.546
SVM,MinMax,59,94.566
SVM,MinMax,60,94.61800000000001
SVM,MinMax,61,94.812
SVM,MinMax,62,94.586
SVM,MinMax,63,94.658
SVM,MinMax,64,94.388
SVM,MinMax,65,94.566
SVM,MinMax,66,94.22
SVM,MinMax,67,94.102
SVM,MinMax,68,94.05799999999999
SVM,MinMax,69,94.092
SVM,MinMax,70,93.926
SVM,MinMax,71,93.914
SVM,MinMax,72,93.918
SVM,MinMax,73,94.184
SVM,MinMax,74,94.196
SVM,MinMax,75,94.284
SVM,MinMax,76,93.988
SVM,MinMax,77,94.092
SVM,MinMax,78,94.01
SVM,MinMax,79,93.812
SVM,MinMax,80,93.91
SVM,MinMax,81,94.34200000000001
SVM,MinMax,82,94.078
SVM,MinMax,83,94.018
SVM,MinMax,84,94.158
SVM,MinMax,85,94.214
SVM,MinMax,86,93.72999999999999
SVM,MinMax,87,93.966
SVM,MinMax,88,94.046
SVM,MinMax,89,94.19800000000001
SVM,MinMax,90,93.788
SVM,MinMax,91,94.166
SVM,MinMax,92,93.966
SVM,MinMax,93,94.058
SVM,MinMax,94,93.938
SVM,MinMax,95,93.808
SVM,MinMax,96,94.21799999999999
SVM,MinMax,97,93.932
SVM,MinMax,98,93.78999999999999
SVM,MinMax,99,93.962
SVM,MinMax,100,93.804
SVM,MinMax,101,93.474
SVM,MinMax,102,93.952
SVM,MinMax,103,93.88399999999999
SVM,MinMax,104,93.918
SVM,MinMax,105,93.616
SVM,MinMax,106,93.622
SVM,MinMax,107,93.612
SVM,MinMax,108,93.47999999999999
SVM,MinMax,109,93.594
SVM,MinMax,110,93.416
SVM,MinMax,111,93.25800000000001
SVM,MinMax,112,93.188
SVM,MinMax,113,93.22200000000001
SVM,MinMax,114,92.91
SVM,MinMax,115,93.11800000000001
SVM,MinMax,116,93.078
SVM,MinMax,117,93.054
SVM,MinMax,118,92.99600000000001
SVM,MinMax,119,93.58200000000001
SVM,MinMax,120,92.804
SVM,MinMax,121,92.83
SVM,MinMax,122,92.826
SVM,MinMax,123,92.69
SVM,MinMax,124,92.72
SVM,MinMax,125,92.776
SVM,MinMax,126,92.89000000000001
SVM,MinMax,127,92.686
SVM,MinMax,128,92.918
SVM,MinMax,129,92.65
SVM,MinMax,130,92.97999999999999
SVM,MinMax,131,93.218
SVM,MinMax,132,93.22999999999999
SVM,MinMax,133,93.364
SVM,MinMax,134,92.93199999999999
SVM,MinMax,135,92.732
SVM,MinMax,136,92.762
SVM,MinMax,137,93.068
SVM,MinMax,138,92.836
SVM,MinMax,139,93.492
SVM,MinMax,140,93.232
SVM,MinMax,141,92.97
SVM,MinMax,142,92.94800000000001
SVM,MinMax,143,93.046
SVM,MinMax,144,93.462
SVM,MinMax,145,92.922
SVM,MinMax,146,93.578
SVM,MinMax,147,93.124
SVM,MinMax,148,93.074
SVM,MinMax,149,93.11800000000001
SVM,MinMax,150,93.078
SVM,MinMax,151,93.27799999999999
SVM,MinMax,152,93.28
SVM,MinMax,153,93.0
SVM,MinMax,154,93.264
SVM,MinMax,155,93.576
SVM,MinMax,156,93.68199999999999
SVM,MinMax,157,93.482
SVM,MinMax,158,93.398
SVM,MinMax,159,93.11
SVM,MinMax,160,93.244
SVM,MinMax,161,93.16600000000001
SVM,MinMax,162,93.34
SVM,MinMax,163,93.298
SVM,MinMax,164,93.546
SVM,MinMax,165,93.242
SVM,MinMax,166,93.47200000000001
SVM,MinMax,167,93.506
SVM,MinMax,168,93.65599999999999
SVM,MinMax,169,93.408
SVM,MinMax,170,93.416
SVM,MinMax,171,92.944
SVM,MinMax,172,93.038
SVM,MinMax,173,93.45599999999999
SVM,MinMax,174,93.40599999999999
SVM,MinMax,175,93.37
SVM,MinMax,176,93.588
SVM,MinMax,177,93.46000000000001
SVM,MinMax,178,93.554
SVM,MinMax,179,93.354
SVM,MinMax,180,93.346
SVM,MinMax,181,93.23400000000001
SVM,MinMax,182,93.652
SVM,MinMax,183,93.64200000000001
SVM,MinMax,184,93.67999999999999
SVM,MinMax,185,93.50399999999999
SVM,MinMax,186,93.558
SVM,MinMax,187,93.436
SVM,MinMax,188,93.328
SVM,Standard,1,93.35
SVM,Standard,2,93.35
SVM,Standard,3,94.34400000000001
SVM,Standard,4,94.154
SVM,Standard,5,93.936
SVM,Standard,6,94.548
SVM,Standard,7,93.19800000000001
SVM,Standard,8,94.392
SVM,Standard,9,94.72
SVM,Standard,10,94.878
SVM,Standard,11,94.522
SVM,Standard,12,94.52000000000001
SVM,Standard,13,94.866
SVM,Standard,14,95.038
SVM,Standard,15,94.72200000000001
SVM,Standard,16,94.832
SVM,Standard,17,94.718
SVM,Standard,18,94.848
SVM,Standard,19,93.186
SVM,Standard,20,94.85
SVM,Standard,21,94.964
SVM,Standard,22,94.77799999999999
SVM,Standard,23,94.534
SVM,Standard,24,94.128
SVM,Standard,25,94.19800000000001
SVM,Standard,26,94.014
SVM,Standard,27,93.654
SVM,Standard,28,94.00800000000001
SVM,Standard,29,93.85
SVM,Standard,30,94.07000000000001
SVM,Standard,31,94.75
SVM,Standard,32,95.314
SVM,Standard,33,95.08
SVM,Standard,34,95.244
SVM,Standard,35,95.36
SVM,Standard,36,95.51
SVM,Standard,37,95.256
SVM,Standard,38,95.30799999999999
SVM,Standard,39,95.56800000000001
SVM,Standard,40,95.604
SVM,Standard,41,95.684
SVM,Standard,42,95.56800000000001
SVM,Standard,43,95.442
SVM,Standard,44,95.39000000000001
SVM,Standard,45,95.064
SVM,Standard,46,94.916
SVM,Standard,47,95.25800000000001
SVM,Standard,48,94.946
SVM,Standard,49,95.292
SVM,Standard,50,94.918
SVM,Standard,51,94.78999999999999
SVM,Standard,52,94.838
SVM,Standard,53,94.954
SVM,Standard,54,94.756
SVM,Standard,55,94.564
SVM,Standard,56,94.46799999999999
SVM,Standard,57,94.464
SVM,Standard,58,94.33200000000001
SVM,Standard,59,94.366
SVM,Standard,60,94.638
SVM,Standard,61,94.732
SVM,Standard,62,94.584
SVM,Standard,63,94.77799999999999
SVM,Standard,64,94.648
SVM,Standard,65,94.664
SVM,Standard,66,94.612
SVM,Standard,67,94.518
SVM,Standard,68,94.506
SVM,Standard,69,94.878
SVM,Standard,70,94.63
SVM,Standard,71,94.88199999999999
SVM,Standard,72,94.596
SVM,Standard,73,94.35799999999999
SVM,Standard,74,94.47200000000001
SVM,Standard,75,94.7
SVM,Standard,76,94.426
SVM,Standard,77,94.336
SVM,Standard,78,94.18199999999999
SVM,Standard,79,93.954
SVM,Standard,80,94.116
SVM,Standard,81,94.616
SVM,Standard,82,94.03
SVM,Standard,83,94.316
SVM,Standard,84,94.306
SVM,Standard,85,94.5
SVM,Standard,86,94.332
SVM,Standard,87,94.26599999999999
SVM,Standard,88,94.216
SVM,Standard,89,94.57000000000001
SVM,Standard,90,94.63199999999999
SVM,Standard,91,94.402
SVM,Standard,92,94.09
SVM,Standard,93,94.368
SVM,Standard,94,94.798
SVM,Standard,95,94.74
SVM,Standard,96,94.51599999999999
SVM,Standard,97,94.72999999999999
SVM,Standard,98,94.84
SVM,Standard,99,94.79400000000001
SVM,Standard,100,94.602
SVM,Standard,101,94.4
SVM,Standard,102,94.584
SVM,Standard,103,94.578
SVM,Standard,104,94.546
SVM,Standard,105,94.23400000000001
SVM,Standard,106,94.202
SVM,Standard,107,93.85
SVM,Standard,108,94.602
SVM,Standard,109,94.606
SVM,Standard,110,94.354
SVM,Standard,111,94.352
SVM,Standard,112,94.612
SVM,Standard,113,94.204
SVM,Standard,114,94.478
SVM,Standard,115,93.846
SVM,Standard,116,94.256
SVM,Standard,117,93.866
SVM,Standard,118,94.34400000000001
SVM,Standard,119,94.196
SVM,Standard,120,93.914
SVM,Standard,121,94.356
SVM,Standard,122,94.318
SVM,Standard,123,94.25
SVM,Standard,124,94.25399999999999
SVM,Standard,125,94.15599999999999
SVM,Standard,126,93.82000000000001
SVM,Standard,127,93.99600000000001
SVM,Standard,128,94.02799999999999
SVM,Standard,129,94.24
SVM,Standard,130,94.326
SVM,Standard,131,94.376
SVM,Standard,132,94.49
SVM,Standard,133,94.18199999999999
SVM,Standard,134,94.09400000000001
SVM,Standard,135,94.236
SVM,Standard,136,94.168
SVM,Standard,137,94.502
SVM,Standard,138,94.542
SVM,Standard,139,94.5
SVM,Standard,140,94.70599999999999
SVM,Standard,141,94.654
SVM,Standard,142,94.47200000000001
SVM,Standard,143,94.22999999999999
SVM,Standard,144,94.378
SVM,Standard,145,94.41
SVM,Standard,146,94.078
SVM,Standard,147,94.434
SVM,Standard,148,94.292
SVM,Standard,149,94.086
SVM,Standard,150,94.196
SVM,Standard,151,94.338
SVM,Standard,152,94.53
SVM,Standard,153,94.52000000000001
SVM,Standard,154,94.19800000000001
SVM,Standard,155,94.372
SVM,Standard,156,94.114
SVM,Standard,157,94.204
SVM,Standard,158,94.53999999999999
SVM,Standard,159,94.36800000000001
SVM,Standard,160,94.40599999999999
SVM,Standard,161,94.32000000000001
SVM,Standard,162,94.438
SVM,Standard,163,94.1
SVM,Standard,164,94.398
SVM,Standard,165,94.22200000000001
SVM,Standard,166,94.734
SVM,Standard,167,94.64399999999999
SVM,Standard,168,94.61800000000001
SVM,Standard,169,94.25399999999999
SVM,Standard,170,94.482
SVM,Standard,171,94.20599999999999
SVM,Standard,172,94.378
SVM,Standard,173,94.298
SVM,Standard,174,94.664
SVM,Standard,175,94.438
SVM,Standard,176,94.438
SVM,Standard,177,94.56
SVM,Standard,178,94.44800000000001
SVM,Standard,179,94.454
SVM,Standard,180,94.036
SVM,Standard,181,93.962
SVM,Standard,182,94.27799999999999
SVM,Standard,183,94.55199999999999
SVM,Standard,184,94.57000000000001
SVM,Standard,185,94.77000000000001
SVM,Standard,186,94.76599999999999
SVM,Standard,187,94.63
SVM,Standard,188,94.378
